id,amount,currency,issueDate,dueDate,paidDate,daysLate,status
INV-0001,3102.18,EUR,2025-09-08,2025-10-08,2025-10-20,12,paid
INV-0002,2579.41,EUR,2025-07-13,2025-08-12,2025-08-12,0,paid
INV-0003,28263.04,EUR,2026-06-01,2026-07-01,,0,open
INV-0004,6378.97,EUR,2026-02-09,2026-03-11,2026-03-11,0,paid
INV-0005,31716.35,EUR,2025-10-16,2025-11-15,2025-11-15,0,paid
INV-0006,43397.08,EUR,2025-08-05,2025-09-04,2025-09-27,23,paid
INV-0007,43440.66,EUR,2026-03-20,2026-04-19,2026-04-19,0,paid
INV-0008,26250.22,EUR,2026-01-03,2026-02-02,2026-02-02,0,paid
INV-0009,4159.04,EUR,2026-03-02,2026-04-01,2026-04-24,23,paid
INV-0010,34943.66,EUR,2025-06-20,2025-07-20,2025-08-17,28,paid
INV-0011,35993.24,EUR,2026-04-11,2026-05-11,2026-05-11,0,paid
INV-0012,19734.31,EUR,2025-09-12,2025-10-12,2025-10-12,0,paid
INV-0013,1359.23,EUR,2025-12-19,2026-01-18,2026-01-18,0,paid
INV-0014,28892.86,EUR,2025-12-08,2026-01-07,2026-02-03,27,paid
INV-0015,8585.25,EUR,2025-11-01,2025-12-01,2025-12-01,0,paid
INV-0016,35039.15,EUR,2025-09-09,2025-10-09,2025-10-24,15,paid
INV-0017,12663.08,EUR,2025-08-12,2025-09-11,2025-10-09,28,paid
INV-0018,13128.63,EUR,2026-04-28,2026-05-28,2026-06-12,15,paid
INV-0019,27776.66,EUR,2025-08-24,2025-09-23,2025-09-23,0,paid
INV-0020,8837.32,EUR,2025-12-27,2026-01-26,2026-02-02,7,paid
INV-0021,39710.14,EUR,2026-01-19,2026-02-18,2026-02-18,0,paid
INV-0022,23634.92,EUR,2026-06-06,2026-07-06,,0,open
INV-0023,4584.09,EUR,2026-03-06,2026-04-05,2026-04-05,0,paid
INV-0024,31324.93,EUR,2026-02-08,2026-03-10,2026-03-10,0,paid
INV-0025,4912.96,EUR,2026-06-03,2026-07-03,,0,open
INV-0026,18674.53,EUR,2026-02-18,2026-03-20,2026-03-28,8,paid
INV-0027,25263.5,EUR,2025-10-12,2025-11-11,2025-12-25,44,paid
INV-0028,15420.98,EUR,2025-09-03,2025-10-03,2025-10-03,0,paid
INV-0029,10989.78,EUR,2026-02-03,2026-03-05,2026-03-05,0,paid
INV-0030,42828.79,EUR,2025-09-10,2025-10-10,2025-10-10,0,paid
INV-0031,13021.28,EUR,2025-10-07,2025-11-06,2025-11-06,0,paid
INV-0032,44138.57,EUR,2026-01-18,2026-02-17,2026-02-17,0,paid
INV-0033,14160.23,EUR,2026-03-12,2026-04-11,2026-04-11,0,paid
INV-0034,43863.84,EUR,2026-05-19,2026-06-18,,13,overdue
INV-0035,28993.84,EUR,2026-04-08,2026-05-08,2026-05-08,0,paid
INV-0036,26173.64,EUR,2026-06-05,2026-07-05,,0,open
INV-0037,21959.17,EUR,2025-10-14,2025-11-13,2025-12-19,36,paid
INV-0038,42395.01,EUR,2026-02-02,2026-03-04,2026-03-20,16,paid
INV-0039,4074.43,EUR,2025-10-03,2025-11-02,2025-11-02,0,paid
INV-0040,36652.48,EUR,2026-03-27,2026-04-26,2026-05-29,33,paid
INV-0041,25466.83,EUR,2026-04-12,2026-05-12,2026-05-12,0,paid
INV-0042,10775.37,EUR,2025-07-30,2025-08-29,2025-08-29,0,paid
INV-0043,13943.01,EUR,2025-10-28,2025-11-27,2025-11-27,0,paid
INV-0044,3462.18,EUR,2025-07-29,2025-08-28,2025-10-01,34,paid
INV-0045,28447.76,EUR,2026-02-25,2026-03-27,2026-03-27,0,paid
INV-0046,25198.06,EUR,2026-03-15,2026-04-14,2026-04-14,0,paid
INV-0047,27046.45,EUR,2025-06-24,2025-07-24,2025-07-24,0,paid
INV-0048,31872.05,EUR,2026-01-18,2026-02-17,2026-03-04,15,paid
INV-0049,35622.0,EUR,2026-01-27,2026-02-26,2026-03-19,21,paid
INV-0050,19591.14,EUR,2026-03-02,2026-04-01,2026-04-19,18,paid
INV-0051,3956.31,EUR,2026-03-31,2026-04-30,2026-04-30,0,paid
INV-0052,41516.71,EUR,2025-08-24,2025-09-23,2025-09-23,0,paid
INV-0053,31728.23,EUR,2026-01-07,2026-02-06,2026-02-06,0,paid
INV-0054,4355.53,EUR,2025-10-30,2025-11-29,2025-11-29,0,paid
INV-0055,27484.14,EUR,2025-12-28,2026-01-27,2026-01-27,0,paid
INV-0056,37749.37,EUR,2025-07-01,2025-07-31,2025-09-18,49,paid
INV-0057,2578.24,EUR,2025-08-20,2025-09-19,2025-09-19,0,paid
INV-0058,20346.54,EUR,2025-07-13,2025-08-12,2025-09-17,36,paid
INV-0059,28857.48,EUR,2025-10-31,2025-11-30,2025-11-30,0,paid
INV-0060,15532.23,EUR,2025-11-14,2025-12-14,2026-01-05,22,paid
INV-0061,18994.71,EUR,2025-12-25,2026-01-24,2026-02-09,16,paid
INV-0062,36759.62,EUR,2025-11-18,2025-12-18,2025-12-18,0,paid
INV-0063,15088.7,EUR,2026-02-02,2026-03-04,2026-03-29,25,paid
INV-0064,29868.59,EUR,2026-06-11,2026-07-11,,0,open
INV-0065,21219.35,EUR,2025-09-07,2025-10-07,2025-10-07,0,paid
INV-0066,34234.79,EUR,2025-07-28,2025-08-27,2025-09-17,21,paid
INV-0067,12603.89,EUR,2026-02-27,2026-03-29,2026-03-29,0,paid
INV-0068,22224.26,EUR,2025-06-19,2025-07-19,2025-07-20,1,paid
INV-0069,14535.16,EUR,2026-03-22,2026-04-21,2026-04-21,0,paid
INV-0070,44657.77,EUR,2026-02-16,2026-03-18,2026-03-18,0,paid
INV-0071,29428.77,EUR,2026-04-12,2026-05-12,2026-06-27,46,paid
INV-0072,23292.14,EUR,2026-01-13,2026-02-12,2026-02-21,9,paid
INV-0073,11572.91,EUR,2025-10-13,2025-11-12,2025-11-12,0,paid
INV-0074,33786.13,EUR,2025-09-24,2025-10-24,2025-10-24,0,paid
INV-0075,15822.49,EUR,2025-11-11,2025-12-11,2025-12-11,0,paid
INV-0076,13301.48,EUR,2026-06-10,2026-07-10,,0,open
INV-0077,37816.44,EUR,2026-01-10,2026-02-09,2026-02-09,0,paid
INV-0078,20537.39,EUR,2026-03-27,2026-04-26,2026-04-26,0,paid
INV-0079,17472.68,EUR,2025-09-06,2025-10-06,2025-11-05,30,paid
INV-0080,11355.21,EUR,2025-06-19,2025-07-19,2025-08-01,13,paid
INV-0081,2729.21,EUR,2025-11-13,2025-12-13,2026-01-06,24,paid
INV-0082,44152.16,EUR,2025-10-06,2025-11-05,2025-11-25,20,paid
INV-0083,6380.09,EUR,2025-09-08,2025-10-08,2025-10-09,1,paid
INV-0084,39240.75,EUR,2025-08-14,2025-09-13,2025-09-23,10,paid
INV-0085,24047.04,EUR,2025-09-22,2025-10-22,2025-10-25,3,paid
INV-0086,7171.67,EUR,2026-02-10,2026-03-12,,111,overdue
INV-0087,39295.24,EUR,2026-02-27,2026-03-29,,94,overdue
INV-0088,43672.09,EUR,2026-03-28,2026-04-27,,65,overdue
INV-0089,35343.42,EUR,2025-10-14,2025-11-13,2025-11-22,9,paid
INV-0090,29522.78,EUR,2025-11-20,2025-12-20,2026-01-17,28,paid
INV-0091,17596.42,EUR,2025-09-11,2025-10-11,2025-10-22,11,paid
INV-0092,39359.33,EUR,2025-10-05,2025-11-04,2025-11-04,0,paid
INV-0093,33807.07,EUR,2026-02-15,2026-03-17,2026-03-31,14,paid
INV-0094,39368.0,EUR,2025-06-16,2025-07-16,2025-07-31,15,paid
INV-0095,2832.8,EUR,2026-05-28,2026-06-27,2026-06-27,0,paid
INV-0096,19836.36,EUR,2025-12-02,2026-01-01,2026-01-01,0,paid
INV-0097,35829.36,EUR,2025-06-27,2025-07-27,2025-07-27,0,paid
INV-0098,28191.2,EUR,2025-11-28,2025-12-28,2026-02-12,46,paid
INV-0099,21182.83,EUR,2026-02-13,2026-03-15,2026-03-15,0,paid
INV-0100,40531.76,EUR,2026-06-07,2026-07-07,,0,open
INV-0101,40633.46,EUR,2025-10-16,2025-11-15,2025-11-15,0,paid
INV-0102,42579.42,EUR,2025-10-28,2025-11-27,2025-12-16,19,paid
INV-0103,31311.86,EUR,2025-11-06,2025-12-06,2025-12-06,0,paid
INV-0104,5514.07,EUR,2025-10-07,2025-11-06,2025-11-06,0,paid
INV-0105,44676.99,EUR,2026-01-11,2026-02-10,2026-03-13,31,paid
INV-0106,18294.61,EUR,2025-07-09,2025-08-08,2025-08-09,1,paid
INV-0107,41049.27,EUR,2026-05-17,2026-06-16,,15,overdue
INV-0108,35087.75,EUR,2026-01-16,2026-02-15,2026-02-23,8,paid
INV-0109,28938.51,EUR,2026-02-19,2026-03-21,2026-04-10,20,paid
INV-0110,30893.8,EUR,2025-07-09,2025-08-08,2025-08-08,0,paid
INV-0111,14454.83,EUR,2026-05-10,2026-06-09,,22,overdue
INV-0112,16926.87,EUR,2026-01-04,2026-02-03,2026-02-21,18,paid
INV-0113,41005.55,EUR,2025-12-10,2026-01-09,2026-01-11,2,paid
INV-0114,8563.29,EUR,2025-10-21,2025-11-20,2025-12-03,13,paid
INV-0115,39539.56,EUR,2025-12-10,2026-01-09,2026-01-26,17,paid
INV-0116,41176.12,EUR,2026-02-23,2026-03-25,,98,overdue
INV-0117,37506.89,EUR,2026-02-24,2026-03-26,,97,overdue
INV-0118,12158.08,EUR,2026-03-05,2026-04-04,,88,overdue
INV-0119,33797.92,EUR,2026-01-11,2026-02-10,2026-02-10,0,paid
INV-0120,7021.46,EUR,2026-05-04,2026-06-03,2026-06-11,8,paid
INV-0121,44113.45,EUR,2025-07-01,2025-07-31,2025-07-31,0,paid
INV-0122,35748.14,EUR,2026-04-26,2026-05-26,2026-05-26,0,paid
INV-0123,17091.49,EUR,2025-10-22,2025-11-21,2025-11-21,0,paid
INV-0124,37150.84,EUR,2025-11-28,2025-12-28,2026-01-09,12,paid
INV-0125,1906.09,EUR,2025-10-13,2025-11-12,2025-11-12,0,paid
INV-0126,29426.24,EUR,2026-02-18,2026-03-20,2026-03-20,0,paid
INV-0127,14156.81,EUR,2025-06-18,2025-07-18,2025-07-18,0,paid
INV-0128,14252.91,EUR,2026-05-23,2026-06-22,2026-06-22,0,paid
INV-0129,6796.35,EUR,2025-09-09,2025-10-09,2025-10-24,15,paid
INV-0130,42612.05,EUR,2025-06-20,2025-07-20,2025-08-03,14,paid
INV-0131,39935.29,EUR,2026-03-24,2026-04-23,2026-05-14,21,paid
INV-0132,18838.72,EUR,2025-07-31,2025-08-30,2025-09-08,9,paid
INV-0133,20397.53,EUR,2026-02-20,2026-03-22,2026-03-22,0,paid
INV-0134,40654.97,EUR,2025-09-06,2025-10-06,2025-10-06,0,paid
INV-0135,9189.54,EUR,2026-01-21,2026-02-20,2026-02-24,4,paid
INV-0136,30094.38,EUR,2026-04-26,2026-05-26,2026-05-26,0,paid
INV-0137,3035.57,EUR,2026-06-01,2026-07-01,,0,open
INV-0138,11565.75,EUR,2025-12-23,2026-01-22,2026-01-22,0,paid
INV-0139,37477.95,EUR,2026-05-07,2026-06-06,2026-06-06,0,paid
INV-0140,35027.09,EUR,2025-12-25,2026-01-24,2026-01-24,0,paid
INV-0141,38741.55,EUR,2026-01-21,2026-02-20,2026-02-20,0,paid
INV-0142,5658.74,EUR,2026-03-14,2026-04-13,2026-04-13,0,paid
INV-0143,35717.32,EUR,2025-12-10,2026-01-09,2026-01-09,0,paid
INV-0144,12529.24,EUR,2026-03-14,2026-04-13,2026-04-13,0,paid
INV-0145,21850.07,EUR,2025-07-06,2025-08-05,2025-08-07,2,paid
INV-0146,20778.64,EUR,2026-04-06,2026-05-06,,56,overdue
INV-0147,10592.5,EUR,2026-04-11,2026-05-11,,51,overdue
INV-0148,27987.72,EUR,2026-04-19,2026-05-19,,43,overdue
INV-0149,21045.48,EUR,2026-01-08,2026-02-07,2026-03-11,32,paid
INV-0150,19641.29,EUR,2025-11-18,2025-12-18,2025-12-22,4,paid
INV-0151,4048.29,EUR,2025-10-27,2025-11-26,2025-11-29,3,paid
INV-0152,6377.67,EUR,2026-05-09,2026-06-08,2026-06-08,0,paid
INV-0153,17635.97,EUR,2025-12-27,2026-01-26,2026-01-26,0,paid
INV-0154,27559.86,EUR,2025-09-26,2025-10-26,2025-10-30,4,paid
INV-0155,29570.52,EUR,2025-07-11,2025-08-10,2025-09-04,25,paid
INV-0156,19809.09,EUR,2026-02-21,2026-03-23,2026-03-23,0,paid
INV-0157,19186.74,EUR,2025-11-19,2025-12-19,2025-12-19,0,paid
INV-0158,12066.13,EUR,2025-07-06,2025-08-05,2025-09-26,52,paid
INV-0159,4832.14,EUR,2026-05-08,2026-06-07,2026-06-07,0,paid
INV-0160,36680.2,EUR,2025-12-03,2026-01-02,2026-01-02,0,paid
INV-0161,25626.41,EUR,2025-08-28,2025-09-27,2025-09-27,0,paid
INV-0162,42397.94,EUR,2025-07-06,2025-08-05,2025-10-02,58,paid
INV-0163,43603.22,EUR,2026-05-16,2026-06-15,2026-06-15,0,paid
INV-0164,10203.06,EUR,2025-09-25,2025-10-25,2025-10-25,0,paid
INV-0165,16275.04,EUR,2026-04-17,2026-05-17,2026-05-17,0,paid
INV-0166,26175.22,EUR,2026-01-20,2026-02-19,2026-03-17,26,paid
INV-0167,27919.94,EUR,2025-07-28,2025-08-27,2025-08-27,0,paid
INV-0168,37462.17,EUR,2025-07-10,2025-08-09,2025-08-09,0,paid
INV-0169,34498.5,EUR,2025-06-17,2025-07-17,2025-07-17,0,paid
INV-0170,39247.93,EUR,2026-03-11,2026-04-10,2026-04-10,0,paid
INV-0171,33550.83,EUR,2026-03-31,2026-04-30,2026-05-01,1,paid
INV-0172,19356.6,EUR,2025-12-01,2025-12-31,2025-12-31,0,paid
INV-0173,35136.13,EUR,2025-12-27,2026-01-26,2026-01-26,0,paid
INV-0174,7676.63,EUR,2026-05-16,2026-06-15,2026-06-15,0,paid
INV-0175,12826.95,EUR,2026-05-01,2026-05-31,2026-05-31,0,paid
INV-0176,19106.92,EUR,2025-10-28,2025-11-27,2025-11-27,0,paid
INV-0177,5701.33,EUR,2025-11-03,2025-12-03,2025-12-03,0,paid
INV-0178,30287.26,EUR,2025-09-15,2025-10-15,2025-10-15,0,paid
INV-0179,3221.36,EUR,2025-08-09,2025-09-08,2025-10-18,40,paid
INV-0180,34575.91,EUR,2026-04-02,2026-05-02,2026-05-02,0,paid
INV-0181,33818.02,EUR,2025-09-30,2025-10-30,2025-10-30,0,paid
INV-0182,10970.89,EUR,2025-06-16,2025-07-16,2025-08-03,18,paid
INV-0183,18350.55,EUR,2026-05-06,2026-06-05,2026-06-05,0,paid
INV-0184,41515.38,EUR,2025-10-19,2025-11-18,2025-11-18,0,paid
INV-0185,18675.49,EUR,2025-08-22,2025-09-21,2025-09-21,0,paid
INV-0186,1721.86,EUR,2025-11-16,2025-12-16,2025-12-27,11,paid
INV-0187,21136.28,EUR,2025-07-30,2025-08-29,2025-08-29,0,paid
INV-0188,38126.21,EUR,2025-10-31,2025-11-30,2025-11-30,0,paid
INV-0189,18292.89,EUR,2026-05-02,2026-06-01,2026-06-01,0,paid
INV-0190,35237.01,EUR,2025-12-23,2026-01-22,2026-01-25,3,paid
INV-0191,23339.88,EUR,2025-09-13,2025-10-13,2025-10-13,0,paid
INV-0192,36824.64,EUR,2025-07-16,2025-08-15,2025-08-15,0,paid
INV-0193,8468.66,EUR,2026-03-02,2026-04-01,2026-04-06,5,paid
INV-0194,8629.86,EUR,2026-05-04,2026-06-03,2026-06-03,0,paid
INV-0195,34386.57,EUR,2025-08-27,2025-09-26,2025-11-17,52,paid
INV-0196,29220.24,EUR,2025-08-26,2025-09-25,2025-10-15,20,paid
INV-0197,20237.52,EUR,2026-03-26,2026-04-25,2026-05-11,16,paid
INV-0198,26940.75,EUR,2026-01-22,2026-02-21,2026-02-21,0,paid
INV-0199,20774.59,EUR,2025-10-18,2025-11-17,2025-11-19,2,paid
INV-0200,29294.26,EUR,2026-05-03,2026-06-02,2026-06-30,28,paid
INV-0201,17794.13,EUR,2025-09-25,2025-10-25,2025-12-12,48,paid
INV-0202,20678.23,EUR,2026-05-21,2026-06-20,,11,overdue
INV-0203,21822.8,EUR,2025-08-06,2025-09-05,2025-09-05,0,paid
INV-0204,44221.44,EUR,2025-12-18,2026-01-17,2026-01-20,3,paid
INV-0205,11750.27,EUR,2026-05-22,2026-06-21,2026-06-21,0,paid
INV-0206,7816.58,EUR,2025-08-03,2025-09-02,2025-09-02,0,paid
INV-0207,35031.34,EUR,2025-11-14,2025-12-14,2025-12-14,0,paid
INV-0208,29410.9,EUR,2025-07-23,2025-08-22,2025-08-22,0,paid
INV-0209,11938.21,EUR,2026-01-17,2026-02-16,2026-04-09,52,paid
INV-0210,39398.96,EUR,2025-08-07,2025-09-06,2025-09-06,0,paid
INV-0211,41320.19,EUR,2026-03-31,2026-04-30,2026-05-10,10,paid
INV-0212,6499.66,EUR,2025-11-23,2025-12-23,2025-12-23,0,paid
INV-0213,29242.4,EUR,2025-12-01,2025-12-31,2025-12-31,0,paid
INV-0214,37439.99,EUR,2025-06-17,2025-07-17,2025-09-07,52,paid
INV-0215,29354.3,EUR,2026-04-25,2026-05-25,2026-05-25,0,paid
INV-0216,42841.68,EUR,2025-10-25,2025-11-24,2025-11-29,5,paid
INV-0217,9286.63,EUR,2025-10-17,2025-11-16,2025-12-01,15,paid
INV-0218,4210.7,EUR,2025-12-08,2026-01-07,2026-01-11,4,paid
INV-0219,23239.89,EUR,2026-02-02,2026-03-04,,119,overdue
INV-0220,24657.87,EUR,2026-02-06,2026-03-08,,115,overdue
INV-0221,33448.06,EUR,2026-03-22,2026-04-21,,71,overdue
INV-0222,30057.27,EUR,2026-05-23,2026-06-22,,9,overdue
INV-0223,17451.02,EUR,2025-08-10,2025-09-09,2025-09-15,6,paid
INV-0224,36559.73,EUR,2025-07-27,2025-08-26,2025-08-26,0,paid
INV-0225,16902.03,EUR,2025-11-13,2025-12-13,2026-01-20,38,paid
INV-0226,13393.81,EUR,2025-08-03,2025-09-02,2025-09-02,0,paid
INV-0227,11371.25,EUR,2025-09-11,2025-10-11,2025-10-11,0,paid
INV-0228,17058.57,EUR,2026-03-04,2026-04-03,2026-04-03,0,paid
INV-0229,35193.08,EUR,2026-01-18,2026-02-17,2026-02-17,0,paid
INV-0230,36215.66,EUR,2026-03-01,2026-03-31,2026-03-31,0,paid
INV-0231,22042.11,EUR,2025-07-18,2025-08-17,2025-10-04,48,paid
INV-0232,38421.54,EUR,2025-09-20,2025-10-20,2025-10-30,10,paid
INV-0233,20659.91,EUR,2026-01-23,2026-02-22,2026-03-11,17,paid
INV-0234,42631.47,EUR,2026-04-26,2026-05-26,2026-05-26,0,paid
INV-0235,19138.44,EUR,2026-05-29,2026-06-28,2026-06-28,0,paid
INV-0236,44758.02,EUR,2025-11-26,2025-12-26,2025-12-26,0,paid
INV-0237,37891.59,EUR,2026-04-22,2026-05-22,2026-06-12,21,paid
INV-0238,2493.0,EUR,2026-04-02,2026-05-02,2026-05-02,0,paid
INV-0239,34340.78,EUR,2026-04-01,2026-05-01,2026-05-17,16,paid
INV-0240,1639.97,EUR,2026-05-02,2026-06-01,2026-06-01,0,paid
INV-0241,19507.86,EUR,2025-09-14,2025-10-14,2025-10-14,0,paid
INV-0242,2910.53,EUR,2026-04-10,2026-05-10,2026-05-24,14,paid
INV-0243,3576.08,EUR,2025-10-20,2025-11-19,2025-11-19,0,paid
INV-0244,1526.44,EUR,2025-09-10,2025-10-10,2025-10-10,0,paid
INV-0245,13674.22,EUR,2026-03-30,2026-04-29,2026-04-29,0,paid
INV-0246,19212.29,EUR,2025-08-23,2025-09-22,2025-09-22,0,paid
INV-0247,3791.43,EUR,2025-12-09,2026-01-08,2026-01-08,0,paid
INV-0248,25293.52,EUR,2025-09-25,2025-10-25,2025-10-25,0,paid
INV-0249,12011.34,EUR,2025-12-02,2026-01-01,2026-01-02,1,paid
INV-0250,11457.77,EUR,2025-12-17,2026-01-16,2026-01-16,0,paid
INV-0251,33295.26,EUR,2025-08-18,2025-09-17,2025-09-17,0,paid
INV-0252,15763.79,EUR,2025-09-05,2025-10-05,2025-10-26,21,paid
INV-0253,21336.33,EUR,2025-06-26,2025-07-26,2025-08-18,23,paid
INV-0254,3589.04,EUR,2026-04-03,2026-05-03,2026-05-03,0,paid
INV-0255,2736.24,EUR,2026-02-28,2026-03-30,2026-03-30,0,paid
INV-0256,18401.5,EUR,2025-09-21,2025-10-21,2025-10-21,0,paid
INV-0257,34095.46,EUR,2026-05-24,2026-06-23,2026-06-23,0,paid
INV-0258,39068.28,EUR,2026-05-18,2026-06-17,2026-06-17,0,paid
INV-0259,20113.25,EUR,2025-12-05,2026-01-04,2026-01-04,0,paid
INV-0260,15785.42,EUR,2025-11-26,2025-12-26,2026-01-01,6,paid
INV-0261,41654.52,EUR,2025-12-05,2026-01-04,2026-01-21,17,paid
INV-0262,19832.84,EUR,2026-05-02,2026-06-01,2026-06-01,0,paid
INV-0263,5334.83,EUR,2025-12-29,2026-01-28,2026-01-28,0,paid
INV-0264,27435.88,EUR,2025-10-26,2025-11-25,2025-12-09,14,paid
INV-0265,20563.13,EUR,2025-12-14,2026-01-13,2026-03-12,58,paid
INV-0266,44918.26,EUR,2025-08-01,2025-08-31,2025-10-21,51,paid
INV-0267,4116.82,EUR,2026-05-13,2026-06-12,2026-06-12,0,paid
INV-0268,7871.41,EUR,2025-06-29,2025-07-29,2025-07-30,1,paid
INV-0269,6379.37,EUR,2026-05-25,2026-06-24,,7,overdue
INV-0270,17722.16,EUR,2025-12-08,2026-01-07,2026-01-26,19,paid
INV-0271,20686.58,EUR,2025-06-29,2025-07-29,2025-07-29,0,paid
INV-0272,26167.34,EUR,2026-05-03,2026-06-02,2026-06-02,0,paid
INV-0273,13118.09,EUR,2025-07-14,2025-08-13,2025-08-17,4,paid
INV-0274,23684.34,EUR,2025-09-29,2025-10-29,2025-10-29,0,paid
INV-0275,31918.47,EUR,2026-01-29,2026-02-28,2026-02-28,0,paid
INV-0276,6220.57,EUR,2026-03-01,2026-03-31,2026-03-31,0,paid
INV-0277,44879.0,EUR,2025-10-27,2025-11-26,2026-01-17,52,paid
INV-0278,30318.52,EUR,2025-12-30,2026-01-29,2026-01-29,0,paid
INV-0279,40196.86,EUR,2026-01-14,2026-02-13,2026-03-13,28,paid
INV-0280,28986.34,EUR,2025-06-18,2025-07-18,2025-07-18,0,paid
INV-0281,44342.86,EUR,2026-04-10,2026-05-10,2026-05-10,0,paid
INV-0282,1961.75,EUR,2025-10-02,2025-11-01,2025-11-01,0,paid
INV-0283,27848.12,EUR,2026-04-06,2026-05-06,2026-05-06,0,paid
INV-0284,24035.75,EUR,2025-10-09,2025-11-08,2025-12-03,25,paid
INV-0285,6339.44,EUR,2026-05-05,2026-06-04,2026-06-04,0,paid
INV-0286,30860.82,EUR,2025-10-16,2025-11-15,2025-11-27,12,paid
INV-0287,29078.89,EUR,2025-09-02,2025-10-02,2025-11-26,55,paid
INV-0288,23026.58,EUR,2025-11-02,2025-12-02,2025-12-30,28,paid
INV-0289,7563.28,EUR,2025-09-19,2025-10-19,2025-10-19,0,paid
INV-0290,16094.22,EUR,2026-02-16,2026-03-18,2026-03-18,0,paid
INV-0291,9476.54,EUR,2026-02-03,2026-03-05,2026-03-05,0,paid
INV-0292,27957.73,EUR,2026-01-07,2026-02-06,2026-02-09,3,paid
INV-0293,42419.03,EUR,2025-08-12,2025-09-11,2025-09-16,5,paid
INV-0294,15722.79,EUR,2025-08-06,2025-09-05,2025-09-05,0,paid
INV-0295,2809.41,EUR,2026-05-01,2026-05-31,2026-05-31,0,paid
INV-0296,10117.73,EUR,2025-07-13,2025-08-12,2025-08-31,19,paid
INV-0297,22813.28,EUR,2026-05-27,2026-06-26,2026-06-26,0,paid
INV-0298,22146.16,EUR,2026-01-08,2026-02-07,2026-03-05,26,paid
INV-0299,4025.41,EUR,2025-10-22,2025-11-21,2025-11-21,0,paid
INV-0300,21328.34,EUR,2025-10-07,2025-11-06,2025-11-06,0,paid
INV-0301,33251.63,EUR,2025-12-30,2026-01-29,2026-03-12,42,paid
INV-0302,34421.39,EUR,2026-04-06,2026-05-06,2026-05-06,0,paid
INV-0303,21418.09,EUR,2026-02-08,2026-03-10,2026-03-10,0,paid
INV-0304,3036.75,EUR,2026-04-23,2026-05-23,2026-06-05,13,paid
INV-0305,36755.72,EUR,2026-03-22,2026-04-21,2026-05-21,30,paid
INV-0306,34529.96,EUR,2026-03-06,2026-04-05,2026-04-05,0,paid
INV-0307,22783.77,EUR,2026-01-05,2026-02-04,2026-02-04,0,paid
INV-0308,10309.38,EUR,2026-02-08,2026-03-10,2026-03-10,0,paid
INV-0309,27210.33,EUR,2025-10-01,2025-10-31,2025-11-27,27,paid
INV-0310,1161.44,EUR,2025-09-10,2025-10-10,2025-10-10,0,paid
INV-0311,32955.86,EUR,2026-01-27,2026-02-26,2026-02-26,0,paid
INV-0312,3061.17,EUR,2025-11-18,2025-12-18,2025-12-18,0,paid
INV-0313,4050.1,EUR,2026-01-15,2026-02-14,2026-03-03,17,paid
INV-0314,37278.76,EUR,2026-01-19,2026-02-18,2026-03-10,20,paid
INV-0315,43898.66,EUR,2026-04-07,2026-05-07,2026-05-20,13,paid
INV-0316,42301.53,EUR,2025-08-30,2025-09-29,2025-09-29,0,paid
INV-0317,18541.31,EUR,2025-09-24,2025-10-24,2025-10-24,0,paid
INV-0318,36335.29,EUR,2025-12-23,2026-01-22,2026-01-22,0,paid
INV-0319,6978.32,EUR,2025-09-21,2025-10-21,2025-10-21,0,paid
INV-0320,44585.22,EUR,2025-11-22,2025-12-22,2025-12-22,0,paid
INV-0321,23223.32,EUR,2025-12-21,2026-01-20,2026-01-20,0,paid
INV-0322,21790.25,EUR,2026-01-09,2026-02-08,2026-02-08,0,paid
INV-0323,44111.49,EUR,2026-04-16,2026-05-16,2026-06-04,19,paid
INV-0324,28613.31,EUR,2025-06-24,2025-07-24,2025-07-24,0,paid
INV-0325,35404.36,EUR,2025-07-11,2025-08-10,2025-08-10,0,paid
INV-0326,26591.73,EUR,2026-05-16,2026-06-15,2026-06-21,6,paid
INV-0327,35037.59,EUR,2025-07-29,2025-08-28,2025-09-10,13,paid
INV-0328,2195.42,EUR,2026-02-07,2026-03-09,2026-03-09,0,paid
INV-0329,14665.21,EUR,2025-10-29,2025-11-28,2025-12-03,5,paid
INV-0330,35053.78,EUR,2025-09-28,2025-10-28,2025-11-27,30,paid
INV-0331,31995.27,EUR,2026-05-11,2026-06-10,2026-06-10,0,paid
INV-0332,21944.0,EUR,2025-07-07,2025-08-06,2025-09-16,41,paid
INV-0333,41115.89,EUR,2025-10-19,2025-11-18,2025-11-18,0,paid
INV-0334,29234.26,EUR,2025-06-28,2025-07-28,2025-08-20,23,paid
INV-0335,43114.31,EUR,2026-03-05,2026-04-04,2026-04-04,0,paid
INV-0336,34885.9,EUR,2026-01-10,2026-02-09,2026-03-04,23,paid
INV-0337,22007.31,EUR,2025-12-31,2026-01-30,2026-03-31,60,paid
INV-0338,13520.29,EUR,2026-01-22,2026-02-21,2026-02-21,0,paid
INV-0339,36972.28,EUR,2025-11-21,2025-12-21,2025-12-21,0,paid
INV-0340,13513.26,EUR,2026-05-21,2026-06-20,2026-06-20,0,paid
INV-0341,29793.96,EUR,2025-10-28,2025-11-27,2025-11-27,0,paid
INV-0342,12784.07,EUR,2025-09-09,2025-10-09,2025-10-09,0,paid
INV-0343,28012.92,EUR,2026-04-17,2026-05-17,2026-05-17,0,paid
INV-0344,28997.15,EUR,2026-02-16,2026-03-18,2026-03-18,0,paid
INV-0345,5244.08,EUR,2025-10-13,2025-11-12,2025-11-12,0,paid
INV-0346,44023.65,EUR,2025-09-03,2025-10-03,2025-10-09,6,paid
INV-0347,21903.22,EUR,2025-10-11,2025-11-10,2026-01-04,55,paid
INV-0348,13415.36,EUR,2025-12-29,2026-01-28,2026-01-30,2,paid
INV-0349,26176.69,EUR,2025-07-13,2025-08-12,2025-08-30,18,paid
INV-0350,41164.75,EUR,2026-05-23,2026-06-22,2026-06-28,6,paid
INV-0351,42079.38,EUR,2026-03-13,2026-04-12,2026-04-12,0,paid
INV-0352,42198.11,EUR,2026-03-08,2026-04-07,2026-04-07,0,paid
INV-0353,1209.61,EUR,2026-05-23,2026-06-22,2026-06-22,0,paid
INV-0354,13377.63,EUR,2025-12-22,2026-01-21,2026-01-21,0,paid
INV-0355,38416.84,EUR,2026-04-04,2026-05-04,2026-05-04,0,paid
INV-0356,15416.24,EUR,2026-04-15,2026-05-15,2026-06-08,24,paid
INV-0357,1422.52,EUR,2026-03-08,2026-04-07,2026-04-07,0,paid
INV-0358,34271.9,EUR,2025-07-01,2025-07-31,2025-08-06,6,paid
INV-0359,23575.41,EUR,2025-11-05,2025-12-05,2025-12-08,3,paid
INV-0360,44190.49,EUR,2026-03-09,2026-04-08,2026-05-19,41,paid
INV-0361,12326.71,EUR,2026-06-08,2026-07-08,,0,open
INV-0362,20545.71,EUR,2026-02-11,2026-03-13,2026-03-13,0,paid
INV-0363,1305.46,EUR,2025-08-22,2025-09-21,2025-10-12,21,paid
INV-0364,30316.15,EUR,2026-05-11,2026-06-10,2026-06-10,0,paid
INV-0365,23011.4,EUR,2025-06-25,2025-07-25,2025-08-23,29,paid
INV-0366,5989.78,EUR,2025-06-23,2025-07-23,2025-07-23,0,paid
INV-0367,10485.48,EUR,2026-02-18,2026-03-20,2026-03-20,0,paid
INV-0368,17314.22,EUR,2025-08-05,2025-09-04,2025-10-22,48,paid
INV-0369,36248.18,EUR,2025-09-09,2025-10-09,2025-11-05,27,paid
INV-0370,34159.49,EUR,2025-06-28,2025-07-28,2025-07-28,0,paid
INV-0371,24145.25,EUR,2025-10-26,2025-11-25,2025-12-28,33,paid
INV-0372,37431.81,EUR,2026-05-11,2026-06-10,2026-06-10,0,paid
INV-0373,7423.48,EUR,2025-09-10,2025-10-10,2025-10-10,0,paid
INV-0374,30869.05,EUR,2026-04-13,2026-05-13,2026-05-13,0,paid
INV-0375,20490.33,EUR,2025-09-23,2025-10-23,2025-10-23,0,paid
INV-0376,25724.87,EUR,2025-10-21,2025-11-20,2025-12-08,18,paid
INV-0377,32768.98,EUR,2026-01-05,2026-02-04,2026-02-17,13,paid
INV-0378,26361.36,EUR,2026-02-20,2026-03-22,2026-03-22,0,paid
INV-0379,24719.43,EUR,2026-05-10,2026-06-09,2026-06-11,2,paid
INV-0380,2202.68,EUR,2025-10-13,2025-11-12,2025-11-26,14,paid
INV-0381,44042.33,EUR,2025-07-18,2025-08-17,2025-08-17,0,paid
INV-0382,20625.34,EUR,2025-11-28,2025-12-28,2025-12-28,0,paid
INV-0383,43415.18,EUR,2025-06-27,2025-07-27,2025-07-27,0,paid
INV-0384,6043.59,EUR,2025-12-15,2026-01-14,2026-01-14,0,paid
INV-0385,37699.12,EUR,2026-02-17,2026-03-19,2026-04-19,31,paid
INV-0386,30568.69,EUR,2025-10-17,2025-11-16,2025-11-16,0,paid
INV-0387,21159.64,EUR,2026-02-05,2026-03-07,2026-03-07,0,paid
INV-0388,2224.01,EUR,2026-04-15,2026-05-15,2026-06-06,22,paid
INV-0389,11437.45,EUR,2026-06-03,2026-07-03,,0,open
INV-0390,5259.63,EUR,2026-05-08,2026-06-07,2026-06-07,0,paid
INV-0391,39351.79,EUR,2025-06-16,2025-07-16,2025-07-16,0,paid
INV-0392,24657.38,EUR,2026-02-12,2026-03-14,2026-04-08,25,paid
INV-0393,23072.2,EUR,2026-04-01,2026-05-01,2026-05-11,10,paid
INV-0394,14895.54,EUR,2025-08-21,2025-09-20,2025-10-10,20,paid
INV-0395,11271.16,EUR,2025-12-29,2026-01-28,2026-03-04,35,paid
INV-0396,10570.09,EUR,2025-09-18,2025-10-18,2025-10-18,0,paid
INV-0397,39683.35,EUR,2025-08-13,2025-09-12,2025-10-12,30,paid
INV-0398,25368.6,EUR,2025-11-05,2025-12-05,2026-01-16,42,paid
INV-0399,14888.06,EUR,2025-09-16,2025-10-16,2025-10-16,0,paid
INV-0400,8927.45,EUR,2025-12-01,2025-12-31,2025-12-31,0,paid
INV-0401,14092.55,EUR,2026-02-16,2026-03-18,2026-04-10,23,paid
INV-0402,25657.46,EUR,2026-05-13,2026-06-12,2026-06-12,0,paid
INV-0403,11534.35,EUR,2025-11-25,2025-12-25,2026-01-01,7,paid
INV-0404,38243.3,EUR,2025-10-24,2025-11-23,2025-11-26,3,paid
INV-0405,3077.92,EUR,2026-03-06,2026-04-05,2026-04-18,13,paid
INV-0406,39414.02,EUR,2026-05-10,2026-06-09,,22,overdue
INV-0407,32814.29,EUR,2025-08-15,2025-09-14,2025-09-14,0,paid
INV-0408,14200.91,EUR,2025-12-23,2026-01-22,2026-01-22,0,paid
INV-0409,43323.83,EUR,2026-03-06,2026-04-05,2026-05-29,54,paid
INV-0410,41218.31,EUR,2025-10-09,2025-11-08,2025-12-01,23,paid
INV-0411,41248.59,EUR,2025-11-20,2025-12-20,2026-01-07,18,paid
INV-0412,29473.48,EUR,2025-09-15,2025-10-15,2025-11-01,17,paid
INV-0413,16696.29,EUR,2025-10-26,2025-11-25,2025-12-03,8,paid
INV-0414,5158.48,EUR,2025-09-07,2025-10-07,2025-10-21,14,paid
INV-0415,34464.0,EUR,2025-07-12,2025-08-11,2025-08-26,15,paid
INV-0416,14631.15,EUR,2026-03-05,2026-04-04,,88,overdue
INV-0417,2820.62,EUR,2026-03-08,2026-04-07,,85,overdue
INV-0418,38992.55,EUR,2026-03-15,2026-04-14,,78,overdue
INV-0419,12326.22,EUR,2026-06-03,2026-07-03,,0,open
INV-0420,26398.12,EUR,2025-08-16,2025-09-15,2025-09-15,0,paid
INV-0421,10966.82,EUR,2025-12-25,2026-01-24,2026-01-24,0,paid
INV-0422,29733.67,EUR,2025-09-03,2025-10-03,2025-10-03,0,paid
INV-0423,43519.67,EUR,2025-10-04,2025-11-03,2025-11-03,0,paid
INV-0424,8281.54,EUR,2025-12-13,2026-01-12,2026-01-12,0,paid
INV-0425,44572.3,EUR,2025-09-07,2025-10-07,2025-10-07,0,paid
INV-0426,42577.31,EUR,2026-05-04,2026-06-03,2026-06-25,22,paid
INV-0427,6877.13,EUR,2025-11-12,2025-12-12,2025-12-12,0,paid
INV-0428,1204.05,EUR,2026-03-26,2026-04-25,2026-04-25,0,paid
INV-0429,30270.56,EUR,2025-07-20,2025-08-19,2025-08-19,0,paid
INV-0430,1495.34,EUR,2025-10-05,2025-11-04,2025-11-04,0,paid
INV-0431,24200.26,EUR,2026-06-03,2026-07-03,,0,open
INV-0432,24479.62,EUR,2026-01-22,2026-02-21,2026-02-21,0,paid
INV-0433,30592.26,EUR,2025-06-19,2025-07-19,2025-07-19,0,paid
INV-0434,23977.83,EUR,2026-04-23,2026-05-23,2026-05-31,8,paid
INV-0435,36832.48,EUR,2026-02-02,2026-03-04,2026-03-04,0,paid
INV-0436,43200.96,EUR,2025-12-02,2026-01-01,2026-01-01,0,paid
INV-0437,31034.64,EUR,2026-01-09,2026-02-08,2026-03-08,28,paid
INV-0438,34373.69,EUR,2025-07-14,2025-08-13,2025-08-13,0,paid
INV-0439,21839.43,EUR,2025-09-02,2025-10-02,2025-10-23,21,paid
INV-0440,22893.74,EUR,2026-04-30,2026-05-30,2026-06-13,14,paid
INV-0441,43997.95,EUR,2025-08-26,2025-09-25,2025-09-25,0,paid
INV-0442,40636.26,EUR,2025-11-15,2025-12-15,2025-12-21,6,paid
INV-0443,2858.04,EUR,2026-04-04,2026-05-04,,58,overdue
INV-0444,4086.18,EUR,2026-04-07,2026-05-07,,55,overdue
INV-0445,41710.85,EUR,2026-04-14,2026-05-14,,48,overdue
INV-0446,8727.47,EUR,2025-08-21,2025-09-20,2025-09-21,1,paid
INV-0447,43296.94,EUR,2025-10-24,2025-11-23,2025-11-23,0,paid
INV-0448,34049.65,EUR,2025-08-15,2025-09-14,2025-09-18,4,paid
INV-0449,41856.27,EUR,2025-07-14,2025-08-13,2025-08-25,12,paid
INV-0450,25726.95,EUR,2025-10-28,2025-11-27,2025-12-02,5,paid
INV-0451,15462.46,EUR,2026-04-04,2026-05-04,,58,overdue
INV-0452,34197.93,EUR,2026-04-05,2026-05-05,,57,overdue
INV-0453,6985.82,EUR,2026-04-10,2026-05-10,,52,overdue
INV-0454,33749.18,EUR,2025-09-28,2025-10-28,2025-10-28,0,paid
INV-0455,37869.42,EUR,2026-02-13,2026-03-15,2026-03-26,11,paid
INV-0456,18334.27,EUR,2025-08-11,2025-09-10,2025-09-10,0,paid
INV-0457,35432.83,EUR,2026-01-23,2026-02-22,2026-02-22,0,paid
INV-0458,19887.68,EUR,2025-12-01,2025-12-31,2026-01-22,22,paid
INV-0459,34929.8,EUR,2026-04-29,2026-05-29,2026-05-29,0,paid
INV-0460,4426.08,EUR,2026-05-05,2026-06-04,2026-06-09,5,paid
INV-0461,7619.04,EUR,2025-07-22,2025-08-21,2025-08-21,0,paid
INV-0462,1029.63,EUR,2026-04-26,2026-05-26,2026-05-26,0,paid
INV-0463,5318.63,EUR,2026-01-24,2026-02-23,2026-02-23,0,paid
INV-0464,25319.51,EUR,2025-08-30,2025-09-29,2025-09-29,0,paid
INV-0465,25296.52,EUR,2025-12-12,2026-01-11,2026-01-31,20,paid
INV-0466,13699.65,EUR,2026-06-05,2026-07-05,,0,open
INV-0467,35239.27,EUR,2025-11-25,2025-12-25,2025-12-25,0,paid
INV-0468,26080.65,EUR,2026-02-07,2026-03-09,2026-03-09,0,paid
INV-0469,12686.22,EUR,2026-04-01,2026-05-01,2026-05-01,0,paid
INV-0470,20012.69,EUR,2026-03-18,2026-04-17,2026-04-17,0,paid
INV-0471,16761.72,EUR,2026-05-03,2026-06-02,2026-06-10,8,paid
INV-0472,28056.76,EUR,2025-08-11,2025-09-10,2025-09-10,0,paid
INV-0473,15484.0,EUR,2025-11-21,2025-12-21,2026-01-10,20,paid
INV-0474,20257.85,EUR,2025-12-25,2026-01-24,2026-02-07,14,paid
INV-0475,43860.76,EUR,2025-07-13,2025-08-12,2025-08-12,0,paid
INV-0476,9677.64,EUR,2025-06-21,2025-07-21,2025-08-26,36,paid
INV-0477,33281.45,EUR,2026-01-13,2026-02-12,2026-03-30,46,paid
INV-0478,15204.17,EUR,2026-02-07,2026-03-09,2026-03-18,9,paid
INV-0479,5833.84,EUR,2025-12-07,2026-01-06,2026-01-06,0,paid
INV-0480,8752.78,EUR,2025-09-05,2025-10-05,2025-10-05,0,paid
INV-0481,42479.49,EUR,2025-10-18,2025-11-17,2025-11-24,7,paid
INV-0482,3856.81,EUR,2025-06-22,2025-07-22,2025-08-19,28,paid
INV-0483,28793.45,EUR,2026-04-01,2026-05-01,2026-05-09,8,paid
INV-0484,35677.19,EUR,2025-11-07,2025-12-07,2026-01-21,45,paid
INV-0485,26535.19,EUR,2025-10-09,2025-11-08,2025-12-25,47,paid
INV-0486,19288.89,EUR,2025-06-22,2025-07-22,2025-09-16,56,paid
INV-0487,40381.17,EUR,2025-06-17,2025-07-17,2025-08-04,18,paid
INV-0488,5634.13,EUR,2026-04-29,2026-05-29,2026-06-06,8,paid
INV-0489,29397.39,EUR,2026-03-18,2026-04-17,2026-06-05,49,paid
INV-0490,43484.68,EUR,2025-12-24,2026-01-23,2026-01-23,0,paid
INV-0491,10612.45,EUR,2026-01-30,2026-03-01,2026-03-01,0,paid
INV-0492,26225.4,EUR,2025-06-24,2025-07-24,2025-07-24,0,paid
INV-0493,26815.68,EUR,2025-06-29,2025-07-29,2025-07-29,0,paid
INV-0494,22138.48,EUR,2026-05-30,2026-06-29,,2,overdue
INV-0495,5930.26,EUR,2026-04-29,2026-05-29,2026-05-29,0,paid
INV-0496,20925.7,EUR,2025-12-18,2026-01-17,2026-01-17,0,paid
INV-0497,20166.93,EUR,2026-04-23,2026-05-23,2026-05-23,0,paid
INV-0498,2774.99,EUR,2026-01-09,2026-02-08,2026-02-08,0,paid
INV-0499,29440.27,EUR,2025-12-18,2026-01-17,2026-01-17,0,paid
INV-0500,23606.93,EUR,2026-02-07,2026-03-09,2026-03-09,0,paid
INV-0501,43164.05,EUR,2025-11-05,2025-12-05,2025-12-05,0,paid
INV-0502,9038.3,EUR,2026-03-09,2026-04-08,2026-04-08,0,paid
INV-0503,39832.9,EUR,2025-08-01,2025-08-31,2025-08-31,0,paid
INV-0504,9895.67,EUR,2025-07-16,2025-08-15,2025-08-21,6,paid
INV-0505,36138.0,EUR,2026-04-04,2026-05-04,,58,overdue
INV-0506,24530.49,EUR,2026-04-19,2026-05-19,,43,overdue
INV-0507,16968.05,EUR,2026-04-20,2026-05-20,,42,overdue
INV-0508,5836.81,EUR,2025-10-20,2025-11-19,2025-11-19,0,paid
INV-0509,14652.46,EUR,2025-07-19,2025-08-18,2025-08-18,0,paid
INV-0510,16178.27,EUR,2026-04-14,2026-05-14,2026-06-11,28,paid
INV-0511,32004.69,EUR,2025-07-02,2025-08-01,2025-08-11,10,paid
INV-0512,30507.27,EUR,2026-04-29,2026-05-29,2026-05-29,0,paid
INV-0513,17300.13,EUR,2026-03-10,2026-04-09,2026-04-09,0,paid
INV-0514,6893.73,EUR,2025-08-10,2025-09-09,2025-09-09,0,paid
INV-0515,24552.16,EUR,2025-07-21,2025-08-20,2025-10-10,51,paid
INV-0516,25327.14,EUR,2026-03-15,2026-04-14,2026-04-14,0,paid
INV-0517,28177.92,EUR,2025-10-24,2025-11-23,2026-01-04,42,paid
INV-0518,6834.83,EUR,2025-10-06,2025-11-05,2025-12-18,43,paid
INV-0519,29665.68,EUR,2025-09-26,2025-10-26,2025-10-26,0,paid
INV-0520,22400.52,EUR,2025-10-27,2025-11-26,2025-11-26,0,paid
INV-0521,13710.37,EUR,2026-02-19,2026-03-21,2026-03-21,0,paid
INV-0522,35308.72,EUR,2026-03-17,2026-04-16,2026-05-05,19,paid
INV-0523,23377.62,EUR,2025-09-03,2025-10-03,2025-10-03,0,paid
INV-0524,37189.1,EUR,2025-09-06,2025-10-06,2025-10-18,12,paid
INV-0525,34392.18,EUR,2026-05-21,2026-06-20,2026-06-20,0,paid
INV-0526,5326.81,EUR,2025-11-06,2025-12-06,2026-01-02,27,paid
INV-0527,39466.6,EUR,2026-01-10,2026-02-09,2026-02-09,0,paid
INV-0528,20206.89,EUR,2026-04-28,2026-05-28,2026-06-01,4,paid
INV-0529,36633.06,EUR,2026-02-24,2026-03-26,2026-03-26,0,paid
INV-0530,19724.98,EUR,2025-07-23,2025-08-22,2025-09-11,20,paid
INV-0531,36400.47,EUR,2026-02-26,2026-03-28,2026-03-28,0,paid
INV-0532,24613.57,EUR,2025-08-10,2025-09-09,2025-09-09,0,paid
INV-0533,12616.56,EUR,2025-08-22,2025-09-21,2025-11-07,47,paid
INV-0534,36831.0,EUR,2025-06-29,2025-07-29,2025-08-03,5,paid
INV-0535,44667.89,EUR,2026-05-12,2026-06-11,2026-06-11,0,paid
INV-0536,11835.73,EUR,2026-04-05,2026-05-05,2026-05-28,23,paid
INV-0537,18157.37,EUR,2025-06-30,2025-07-30,2025-08-04,5,paid
INV-0538,20778.03,EUR,2025-12-01,2025-12-31,2026-01-21,21,paid
INV-0539,18606.0,EUR,2026-04-25,2026-05-25,2026-06-18,24,paid
INV-0540,20897.55,EUR,2025-12-05,2026-01-04,2026-01-04,0,paid
INV-0541,33107.19,EUR,2026-04-25,2026-05-25,2026-06-09,15,paid
INV-0542,38374.7,EUR,2025-12-10,2026-01-09,2026-01-09,0,paid
INV-0543,37258.27,EUR,2025-11-04,2025-12-04,2025-12-04,0,paid
INV-0544,15728.78,EUR,2026-01-17,2026-02-16,2026-02-16,0,paid
INV-0545,40321.64,EUR,2025-12-18,2026-01-17,2026-01-17,0,paid
INV-0546,35447.93,EUR,2025-07-26,2025-08-25,2025-08-25,0,paid
INV-0547,20304.84,EUR,2026-03-23,2026-04-22,2026-04-22,0,paid
INV-0548,40995.8,EUR,2025-06-24,2025-07-24,2025-07-24,0,paid
INV-0549,4925.63,EUR,2026-01-22,2026-02-21,2026-02-21,0,paid
INV-0550,40747.97,EUR,2025-07-06,2025-08-05,2025-08-05,0,paid
INV-0551,32888.69,EUR,2026-01-06,2026-02-05,2026-02-05,0,paid
INV-0552,5007.12,EUR,2025-06-16,2025-07-16,2025-07-16,0,paid
INV-0553,10797.64,EUR,2025-08-12,2025-09-11,2025-09-11,0,paid
INV-0554,15985.98,EUR,2025-06-20,2025-07-20,2025-07-20,0,paid
INV-0555,21914.35,EUR,2026-04-05,2026-05-05,2026-05-05,0,paid
INV-0556,17046.23,EUR,2025-12-17,2026-01-16,2026-01-26,10,paid
INV-0557,34986.95,EUR,2026-03-04,2026-04-03,,89,overdue
INV-0558,34089.57,EUR,2026-03-09,2026-04-08,,84,overdue
INV-0559,6685.06,EUR,2026-03-20,2026-04-19,,73,overdue
INV-0560,24248.47,EUR,2026-05-07,2026-06-06,2026-06-07,1,paid
INV-0561,16322.5,EUR,2025-10-29,2025-11-28,2025-12-05,7,paid
INV-0562,28030.56,EUR,2025-11-13,2025-12-13,2025-12-13,0,paid
INV-0563,6988.58,EUR,2026-04-21,2026-05-21,2026-05-25,4,paid
INV-0564,43375.59,EUR,2025-12-14,2026-01-13,2026-01-13,0,paid
INV-0565,4523.79,EUR,2025-07-16,2025-08-15,2025-09-02,18,paid
INV-0566,13393.5,EUR,2025-08-04,2025-09-03,2025-09-26,23,paid
INV-0567,39511.56,EUR,2025-07-09,2025-08-08,2025-08-15,7,paid
INV-0568,33854.69,EUR,2026-03-07,2026-04-06,2026-04-06,0,paid
INV-0569,22674.04,EUR,2026-02-09,2026-03-11,2026-03-11,0,paid
INV-0570,3938.73,EUR,2025-08-11,2025-09-10,2025-10-11,31,paid
INV-0571,17898.25,EUR,2026-04-05,2026-05-05,2026-05-05,0,paid
INV-0572,30986.04,EUR,2025-09-05,2025-10-05,2025-11-20,46,paid
INV-0573,1537.67,EUR,2026-05-05,2026-06-04,2026-06-04,0,paid
INV-0574,41578.0,EUR,2026-05-22,2026-06-21,2026-06-21,0,paid
INV-0575,32298.21,EUR,2025-07-25,2025-08-24,2025-08-24,0,paid
INV-0576,4443.31,EUR,2025-11-18,2025-12-18,2026-01-05,18,paid
INV-0577,14497.88,EUR,2026-04-30,2026-05-30,2026-05-30,0,paid
INV-0578,24508.45,EUR,2026-03-24,2026-04-23,2026-05-06,13,paid
INV-0579,30902.66,EUR,2025-07-14,2025-08-13,2025-08-16,3,paid
INV-0580,3359.44,EUR,2026-02-09,2026-03-11,2026-03-11,0,paid
INV-0581,27863.52,EUR,2025-10-22,2025-11-21,2025-11-23,2,paid
INV-0582,33537.09,EUR,2025-07-10,2025-08-09,2025-08-13,4,paid
INV-0583,22741.45,EUR,2026-03-20,2026-04-19,2026-04-19,0,paid
INV-0584,8179.76,EUR,2026-01-30,2026-03-01,2026-03-06,5,paid
INV-0585,33195.76,EUR,2026-01-25,2026-02-24,2026-02-28,4,paid
INV-0586,36474.17,EUR,2025-12-22,2026-01-21,2026-01-21,0,paid
INV-0587,4206.5,EUR,2025-07-25,2025-08-24,2025-08-24,0,paid
INV-0588,38783.7,EUR,2025-09-29,2025-10-29,2025-10-29,0,paid
INV-0589,40326.66,EUR,2026-04-20,2026-05-20,2026-05-20,0,paid
INV-0590,913.53,EUR,2025-09-24,2025-10-24,2025-10-24,0,paid
INV-0591,21651.99,EUR,2026-05-19,2026-06-18,2026-06-18,0,paid
INV-0592,25236.62,EUR,2026-05-24,2026-06-23,,8,overdue
INV-0593,10723.58,EUR,2025-11-09,2025-12-09,2026-01-22,44,paid
INV-0594,12789.6,EUR,2025-12-30,2026-01-29,2026-01-29,0,paid
INV-0595,40665.79,EUR,2025-07-02,2025-08-01,2025-08-07,6,paid
INV-0596,42970.31,EUR,2026-05-19,2026-06-18,2026-06-18,0,paid
INV-0597,34989.91,EUR,2026-01-18,2026-02-17,2026-02-17,0,paid
INV-0598,1152.24,EUR,2025-10-21,2025-11-20,2025-11-20,0,paid
INV-0599,33489.26,EUR,2026-01-07,2026-02-06,2026-02-06,0,paid
INV-0600,44902.19,EUR,2025-10-02,2025-11-01,2025-11-26,25,paid
INV-0601,34413.31,EUR,2025-09-05,2025-10-05,2025-10-05,0,paid
INV-0602,1856.83,EUR,2025-11-14,2025-12-14,2026-01-01,18,paid
INV-0603,864.62,EUR,2025-12-22,2026-01-21,2026-02-12,22,paid
INV-0604,5394.55,EUR,2026-01-05,2026-02-04,2026-02-04,0,paid
INV-0605,43787.12,EUR,2026-05-12,2026-06-11,2026-06-11,0,paid
INV-0606,41520.33,EUR,2026-05-20,2026-06-19,2026-06-19,0,paid
INV-0607,43875.32,EUR,2025-10-20,2025-11-19,2025-11-19,0,paid
INV-0608,28964.93,EUR,2026-04-04,2026-05-04,2026-05-04,0,paid
INV-0609,20026.24,EUR,2026-05-11,2026-06-10,2026-06-10,0,paid
INV-0610,41731.05,EUR,2026-01-01,2026-01-31,2026-02-13,13,paid
INV-0611,14858.15,EUR,2025-12-26,2026-01-25,2026-01-25,0,paid
INV-0612,6816.14,EUR,2026-02-28,2026-03-30,2026-03-30,0,paid
